Date,Stocks,TBills,risk_adjusted
2018-10-17,-0.002556740991720874,0.00538140467307735,-0.007938145664798224
2018-10-18,-0.01516068123765979,0.0053568030701647285,-0.02051748430782452
2018-10-19,-0.0046460294960983806,0.0053321996610777855,-0.009978229157176166
2018-10-22,-0.003221697490838338,0.005307594445506547,-0.008529291936344885
2018-10-23,-0.0052600391689285875,0.005406004470124737,-0.010666043639053324
2018-10-24,-0.030630868012515244,0.00538140467307735,-0.036012272685592595
2018-10-25,0.014843907198640371,0.0053568030701647285,0.009487104128475643
2018-10-26,-0.013680379264137676,0.005282987423141927,-0.018963366687279604
2018-10-29,-0.005796053151580716,0.005307594445506547,-0.011103647597087263
2018-10-30,0.019602358731962477,0.00538140467307735,0.014220954058885127
2018-10-31,0.010069385346193283,0.0053568030701647285,0.004712582276028554
2018-11-01,0.015467460317196924,0.00538140467307735,0.010086055644119574
2018-11-02,-0.004405365607038192,0.0053321996610777855,-0.009737565268115977
2018-11-05,0.005296621369319965,0.0053321996610777855,-3.557829175782068e-05
2018-11-06,0.007900880503963092,0.005455198647860593,0.0024456818561024996
2018-11-07,0.019944497807733885,0.005430602461615974,0.014513895346117911
2018-11-08,-0.0022765254326790885,0.00538140467307735,-0.007657930105756439
2018-11-09,-0.007713479138173329,0.0053568030701647285,-0.013070282208338058
2018-11-13,-0.017037925282831434,0.005455198647860593,-0.022493123930692027
2018-11-14,-0.005930082651467661,0.005430602461615974,-0.011360685113083635
2018-11-15,0.009899063896161575,0.005307594445506547,0.004591469450655028
2018-11-16,0.003894040201461335,0.0053321996610777855,-0.0014381594596164504
2018-11-19,-0.01809462594784572,0.0053568030701647285,-0.02345142901801045
2018-11-20,-0.013432582092900103,0.005430602461615974,-0.018863184554516077
2018-11-21,0.007574675713448276,0.005455198647860593,0.0021194770655876827
2018-11-23,-0.001785362211986219,0.005430602461615974,-0.007215964673602193
2018-11-26,0.013298732163672167,0.0053568030701647285,0.007941929093507438
2018-11-27,0.00023454473467832138,0.005627321430617949,-0.005392776695939627
2018-11-28,0.02374163722835032,0.005627321430617949,0.018114315797732372
2018-11-29,-0.0031520250003934658,0.005627321430617949,-0.008779346431011414
2018-11-30,0.005412583881041488,0.005627321430617949,-0.0002147375495764603
2018-12-03,0.011675739418577802,0.005578152511197976,0.006097586907379826
2018-12-04,-0.03137727194186768,0.005774784932114807,-0.037152056873982486
2018-12-06,0.0004145549927478953,0.005750212185979819,-0.005335657193231924
2018-12-07,-0.025583770680969398,0.005651903186009166,-0.031235673866978564
2018-12-10,0.0005084663293648539,0.005651903186009166,-0.005143436856644312
2018-12-11,0.00013751472595457948,0.00555356534655238,-0.005416050620597801
2018-12-12,0.007076882345576463,0.005578152511197976,0.0014987298343784872
2018-12-13,-0.003654383624685509,0.005750212185979819,-0.009404595810665328
2018-12-14,-0.015551295750372063,0.005750212185979819,-0.021301507936351882
2018-12-17,-0.021708311115903767,0.005750212185979819,-0.027458523301883586
2018-12-18,0.0019137884378326309,0.005701061289696829,-0.0037872728518641985
2018-12-19,-0.015291596324397916,0.005701061289696829,-0.020992657614094745
2018-12-20,-0.015651173978525,0.005897621655045482,-0.021548795633570483
2018-12-21,-0.01980969756095685,0.005873057910465995,-0.025682755471422847
2018-12-24,-0.023972989859472493,0.005897621655045482,-0.029870611514517975
2018-12-26,0.047040913449948984,0.005873057910465995,0.04116785553948299
2018-12-27,0.009827970661797192,0.005922183600237219,0.0039057870615599732
2018-12-28,-0.0016892206846913504,0.005823925021912535,-0.007513145706603885
2018-12-31,0.008882064919741195,0.005946743746348293,0.002935321173392902
2019-01-02,-0.00394672133293239,0.005848492366190783,-0.009795213699123173
2019-01-03,-0.02216356308319878,0.005897621655045482,-0.02806118473824426
2019-01-04,0.031770703199835104,0.005848492366190783,0.02592221083364432
2019-01-07,0.009269923978875605,0.005897621655045482,0.003372302323830123
2019-01-08,0.009779212334410703,0.005848492366190783,0.00393071996821992
2019-01-09,0.006106056517986014,0.005848492366190783,0.00025756415179523096
2019-01-10,0.00808746738433741,0.005897621655045482,0.0021898457292919282
2019-01-11,0.00019010058140178643,0.005873057910465995,-0.005682957329064209
2019-01-14,-0.00579827227588825,0.005897621655045482,-0.011695893930933732
2019-01-15,0.010072434553424436,0.005873057910465995,0.004199376642958441
2019-01-16,0.0017416492991417787,0.005873057910465995,-0.0041314086113242166
2019-01-17,0.00947237672725909,0.005873057910465995,0.0035993188167930956
2019-01-18,0.012390780262796497,0.005848492366190783,0.006542287896605714
2019-01-22,-0.01371715935329565,0.005799355877323054,-0.019516515230618703
2019-01-23,0.0023000885248647407,0.005774784932114807,-0.0034746964072500663
2019-01-24,0.004382785265319322,0.005799355877323054,-0.0014165706120037314
2019-01-25,0.008987608856067641,0.005750212185979819,0.003237396670087822
2019-01-28,-0.003686529197821642,0.005823925021912535,-0.009510454219734177
2019-01-29,0.002654731589371906,0.005823925021912535,-0.003169193432540629
2019-01-30,0.012476640937074235,0.005848492366190783,0.006628148570883452
2019-01-31,0.009401188754251333,0.005897621655045482,0.003503567099205851
2019-02-01,0.0022101031230314927,0.005873057910465995,-0.0036629547874345025
2019-02-04,0.006490493878005044,0.005873057910465995,0.0006174359675390484
2019-02-05,0.0056026652168399416,0.005823925021912535,-0.00022125980507259335
2019-02-06,-0.0033035603755389165,0.005848492366190783,-0.0091520527417297
2019-02-07,-0.0033074115222510025,0.005922183600237219,-0.009229595122488221
2019-02-08,0.001557590683475052,0.005922183600237219,-0.004364592916762167
2019-02-11,0.003474260763258963,0.005946743746348293,-0.0024724829830893302
2019-02-12,0.01311430142857195,0.005897621655045482,0.007216679773526469
2019-02-13,0.0020225795309416483,0.005897621655045482,-0.0038750421241038335
2019-02-14,0.0002743356299290678,0.005971302093686681,-0.005696966463757613
2019-02-15,0.010781293159384031,0.005922183600237219,0.0048591095591468125
2019-02-19,-5.849287107928536e-05,0.005946743746348293,-0.006005236617427578
2019-02-20,0.0012305895538538003,0.005873057910465995,-0.004642468356612195
2019-02-21,-0.003541783669310572,0.005922183600237219,-0.00946396726954779
2019-02-22,0.0075305485714538545,0.005922183600237219,0.001608364971216636
2019-02-25,-0.0011796450566415873,0.005946743746348293,-0.00712638880298988
2019-02-26,-0.001005121736687542,0.005922183600237219,-0.006927305336924761
2019-02-27,6.163560297611781e-05,0.005922183600237219,-0.005860547997261101
2019-02-28,-0.004321476508517774,0.005946743746348293,-0.010268220254866067
2019-03-01,0.007273633892321163,0.005946743746348293,0.00132689014597287
2019-03-04,-0.005256157033375564,0.005946743746348293,-0.011202900779723857
2019-03-05,-0.0015138349147443275,0.005922183600237219,-0.007436018514981546
2019-03-06,-0.006748834764734868,0.005897621655045482,-0.01264645641978035
2019-03-07,-0.00597299454253708,0.005971302093686681,-0.011944296636223761
2019-03-08,-0.002810520893613888,0.005971302093686681,-0.00878182298730057
2019-03-11,0.012580715979344514,0.005946743746348293,0.006633972232996221
2019-03-12,0.002430018917852328,0.005922183600237219,-0.0034921646823848906
2019-03-13,0.004364693695764865,0.005922183600237219,-0.0015574899044723534
2019-03-14,-0.000991854121472846,0.006020413393273527,-0.007012267514746373
2019-03-15,0.004101921909811734,0.005995858642559249,-0.0018939367327475143
2019-03-18,0.004647978718866241,0.006020413393273527,-0.0013724346744072857
2019-03-19,-0.000465554724977002,0.005971302093686681,-0.006436856818663683
2019-03-20,-0.004728909354007493,0.005971302093686681,-0.010700211447694175
2019-03-21,0.011348935230103718,0.006094066859538394,0.005254868370565324
2019-03-22,-0.01970356338750745,0.006044966346136826,-0.025748529733644276
2019-03-25,0.0019308067942234164,0.005995858642559249,-0.004065051848335832
2019-03-26,0.006150632444358539,0.005995858642559249,0.00015477380179929057
2019-03-27,-0.0035985900365218537,0.005971302093686681,-0.009569892130208535
2019-03-28,0.004386544034576945,0.005946743746348293,-0.0015601997117713484
2019-03-29,0.006952123116051645,0.005922183600237219,0.0010299395158144264
2019-04-01,0.010970948164827465,0.005897621655045482,0.0050733265097819835
2019-04-02,0.0005855664479690326,0.005922183600237219,-0.005336617152268186
2019-04-03,0.003286523510200201,0.005897621655045482,-0.002611098144845281
2019-04-04,0.0019835400820449323,0.005922183600237219,-0.003938643518192286
2019-04-05,0.00543944922811912,0.005897621655045482,-0.00045817242692636206
2019-04-08,0.000779759705921812,0.005922183600237219,-0.005142423894315407
2019-04-09,-0.006420942063682267,0.005897621655045482,-0.012318563718727749
2019-04-10,0.005416067693021276,0.005848492366190783,-0.00043242467316950695
2019-04-11,0.002265746217468445,0.005897621655045482,-0.003631875437577037
2019-04-12,0.006215469506982041,0.005873057910465995,0.0003424115965160457
2019-04-15,-0.00017391868356309015,0.005897621655045482,-0.006071540338608572
2019-04-16,-0.0024412539807655564,0.005922183600237219,-0.008363437581002775
2019-04-17,-0.007195948591654622,0.005897621655045482,-0.013093570246700104
2019-04-18,0.004340813182071246,0.005946743746348293,-0.0016059305642770472
2019-04-22,0.0026124021680629106,0.005946743746348293,-0.0033343415782853825
2019-04-23,0.009102071580153748,0.005922183600237219,0.003179887979916529
2019-04-24,-0.00015149813596637696,0.005897621655045482,-0.006049119791011859
2019-04-25,-0.0036844308791827984,0.005922183600237219,-0.009606614479420017
2019-04-26,0.005260279664610179,0.005897621655045482,-0.0006373419904353028
2019-04-29,0.00033396123737983174,0.005971302093686681,-0.0056373408563068494
2019-04-30,0.001401265258999418,0.005897621655045482,-0.004496356396046064
2019-05-01,-0.00895621426955917,0.005897621655045482,-0.014853835924604653
2019-05-02,0.002784212250558582,0.005946743746348293,-0.003162531495789711
2019-05-03,0.009001773482716136,0.005897621655045482,0.0031041518276706537
2019-05-06,-0.0026848604780869145,0.005922183600237219,-0.008607044078324133
2019-05-07,-0.016444374405516826,0.005922183600237219,-0.022366558005754045
2019-05-08,-0.001254152213560844,0.005897621655045482,-0.007151773868606326
2019-05-09,-6.545530958523837e-05,0.005922183600237219,-0.005987638909822457
2019-05-10,0.004265952534568962,0.005897621655045482,-0.00163166912047652
2019-05-13,-0.024388034203314257,0.005873057910465995,-0.030261092113780252
2019-05-14,0.008878250389668496,0.005873057910465995,0.003005192479202501
2019-05-15,0.004894044006661824,0.005848492366190783,-0.0009544483595289588
2019-05-16,0.009122826343788581,0.005848492366190783,0.0032743339775977987
2019-05-17,-0.0069775046672438945,0.005823925021912535,-0.01280142968915643
2019-05-20,-0.00787815796003366,0.005823925021912535,-0.013702082981946195
2019-05-21,0.01155483333208207,0.005774784932114807,0.005780048399967264
2019-05-22,-0.0027339218351253303,0.005750212185979819,-0.00848413402110515
2019-05-23,-0.012521716111787984,0.005799355877323054,-0.018321071989111037
2019-05-24,0.0013384679202137484,0.005774784932114807,-0.004436317011901059
2019-05-28,-0.00875476512284934,0.005725637638609893,-0.014480402761459232
2019-05-29,-0.006657126866225438,0.005725637638609893,-0.01238276450483533
2019-05-30,0.0037080325235130385,0.005774784932114807,-0.0020667524086017686
2019-05-31,-0.009287400718863581,0.005725637638609893,-0.015013038357473474
2019-06-03,6.687933382254485e-05,0.005750212185979819,-0.005683332852157275
2019-06-04,0.021847495912698855,0.005701061289696829,0.016146434623002026
2019-06-05,0.010444315545903304,0.0056027378724503585,0.004841577673452946
2019-06-06,0.005049716572293361,0.005651903186009166,-0.000602186613715805
2019-06-07,0.009842047638272122,0.0056027378724503585,0.004239309765821764
2019-06-10,0.005074663155524295,0.0056027378724503585,-0.0005280747169260636
2019-06-11,-0.003266671547100475,0.0055289763782044865,-0.008795647925304961
2019-06-12,0.0005891868937315525,0.0053321996610777855,-0.004743012767346233
2019-06-13,0.004325748661695883,0.005455198647860593,-0.00112944998616471
2019-06-14,-0.001839640891150518,0.005430602461615974,-0.007270243352766492
2019-06-17,-0.0006868405984650217,0.005406004470124737,-0.006092845068589758
2019-06-18,0.009042212930044258,0.005307594445506547,0.0037346184845377106
2019-06-19,0.004409260852106689,0.0052091555121900335,-0.0007998946600833445
2019-06-20,0.00855444366497804,0.005282987423141927,0.0032714562418361126
2019-06-21,-0.0036732792696617667,0.005258378593673951,-0.008931657863335718
2019-06-24,-0.0030532131560506715,0.00515992519857611,-0.008213138354626781
2019-06-25,-0.008935538745449612,0.005135307328945515,-0.014070846074395127
2019-06-26,-0.005021819811816375,0.005135307328945515,-0.01015712714076189
2019-06-27,0.0076738899866808374,0.0053321996610777855,0.002341690325603052
2019-06-28,0.00910335992437683,0.005307594445506547,0.0037957654788702833
2019-07-01,0.006540277849800935,0.005282987423141927,0.001257290426659008
2019-07-02,0.002995552097463605,0.005406004470124737,-0.0024104523726611315
2019-07-03,0.008969261731051503,0.005479793029167679,0.0034894687018838244
2019-07-05,-0.002232455025796609,0.005504385605845874,-0.007736840631642483
2019-07-08,-0.005898243503110967,0.005430602461615974,-0.011328845964726941
2019-07-09,0.0012282164223309522,0.005406004470124737,-0.0041777880477937845
2019-07-10,0.0033570095397408295,0.005307594445506547,-0.0019505849057657176
2019-07-11,0.0028080619278540997,0.005282987423141927,-0.0024749254952878275
2019-07-12,0.005583648474610792,0.005258378593673951,0.0003252698809368404
2019-07-15,-0.000934436710424702,0.005282987423141927,-0.006217424133566629
2019-07-16,-0.0010741423438033193,0.005258378593673951,-0.006332520937477271
2019-07-17,-0.005740645417209644,0.005184541259554143,-0.010925186676763787
2019-07-18,0.003250622546137283,0.005135307328945515,-0.0018846847828082325
2019-07-19,-0.005943453297514001,0.005135307328945515,-0.011078760626459516
2019-07-22,0.0008676895839472287,0.005184541259554143,-0.004316851675606914
2019-07-23,0.004811809497235142,0.005135307328945515,-0.00032349783171037316
2019-07-24,0.005629485011766855,0.005086066162486524,0.0005434188492803305
2019-07-25,-0.005924776624978367,0.005258378593673951,-0.011183155218652319
2019-07-26,0.007071572104277779,0.005184541259554143,0.0018870308447236361
2019-07-29,-0.002662713966816721,0.00515992519857611,-0.00782263916539283
2019-07-30,-0.0013729938895602478,0.005036817757695378,-0.0064098116472556255
2019-07-31,-0.00817044384287613,0.004864391303198268,-0.013034835146074397
2019-08-01,-0.007929874727830466,0.005135307328945515,-0.013065182056775981
2019-08-02,-0.007655533374650969,0.005135307328945515,-0.012790840703596484
2019-08-05,-0.028129654341432997,0.005036817757695378,-0.033166472099128375
2019-08-06,0.014639798813079752,0.00498756211208895,0.009652236700990802
2019-08-07,0.005306227022944476,0.004913665061715644,0.00039256196122883225
2019-08-08,0.020915576443451878,0.005086066162486524,0.015829510280965353
2019-08-09,-0.006267248912839252,0.00498756211208895,-0.011254811024928202
2019-08-12,-0.011658429601445919,0.005086066162486524,-0.016744495763932443
2019-08-13,0.013883270121280322,0.00498756211208895,0.008895708009191372
2019-08-14,-0.027746285489167466,0.004839751705526307,-0.03258603719469377
2019-08-15,0.004872693969688813,0.005061442865037513,-0.00018874889534870043
2019-08-16,0.013379483775806555,0.00498756211208895,0.008391921663717605
2019-08-19,0.01114786606316498,0.005036817757695378,0.006111048305469602
2019-08-20,-0.006165183353613157,0.005036817757695378,-0.011202001111308535
2019-08-21,0.008545871928007376,0.00498756211208895,0.0035583098159184257
2019-08-22,-8.85018260835535e-05,0.005110687650352386,-0.005199189476435939
2019-08-23,-0.024752450938036907,0.005036817757695378,-0.029789268695732285
2019-08-26,0.009907499350742643,0.005110687650352386,0.004796811700390258
2019-08-27,-0.002549979573742034,0.005061442865037513,-0.007611422438779547
2019-08-28,0.0061268053982925785,0.005036817757695378,0.0010899876405972009
2019-08-29,0.01230073869407966,0.005110687650352386,0.007190051043727275
2019-08-30,-0.0011961235081520138,0.005110687650352386,-0.0063068111585043996
2019-09-03,-0.007401826676270318,0.005036817757695378,-0.012438644433965695
2019-09-04,0.010622436129718027,0.00498756211208895,0.005634874017629077
2019-09-05,0.010653239966677441,0.00498756211208895,0.005665677854588491
2019-09-06,0.001756530640974363,0.00498756211208895,-0.003231031471114587
2019-09-09,-0.002822582566244569,0.00498756211208895,-0.007810144678333519
2019-09-10,-0.002660418498325434,0.00498756211208895,-0.007647980610414384
2019-09-11,0.006876667214414267,0.004913665061715644,0.001963002152698623
2019-09-12,0.0021728759182051416,0.004839751705526307,-0.0026668757873211657
2019-09-13,-0.00039565659415796706,0.004839751705526307,-0.005235408299684274
2019-09-16,-0.0013063544608370448,0.005086066162486524,-0.006392420623323569
2019-09-17,0.0058247866316238905,0.005110687650352386,0.0007140989812715048
2019-09-18,0.0004920052466295122,0.0047411751848223105,-0.004249169938192798
2019-09-19,-0.0007324619065934845,0.0048890290884908705,-0.005621490995084355
2019-09-20,-0.004080825072913075,0.004765822035123213,-0.008846647108036287
2019-09-23,-0.002339053429347926,0.0047411751848223105,-0.007080228614170236
2019-09-24,-0.008117635083407237,0.004642569641146732,-0.01276020472455397
2019-09-25,0.0059660111836283836,0.004371254583423134,0.0015947566002052493
2019-09-26,-0.0012070983299556914,0.004667223749059701,-0.005874322079015393
2019-09-27,-0.0069027046795567815,0.004642569641146732,-0.011545274320703514
2019-09-30,0.006811147449138355,0.004667223749059701,0.0021439237000786537
2019-10-01,-0.012237482466846306,0.004371254583423134,-0.01660873705026944
2019-10-02,-0.01743485345106055,0.004272540025782812,-0.021707393476843362
2019-10-03,0.00723656618506241,0.004346578672721257,0.0028899875123411523
2019-10-04,0.01420493665935152,0.004223171828999783,0.009981764830351736
2019-10-07,-0.0052682143937134995,0.004297221394214068,-0.009565435787927568
2019-10-08,-0.014985121625789022,0.004099719472886676,-0.019084841098675698
2019-10-09,0.008501966560451324,0.00412441358698068,0.004377552973470644
2019-10-10,0.005384566538072066,0.004247856837482411,0.0011367097005896554
2019-10-11,0.010005732123997024,0.004297221394214068,0.005708510729782956
2019-10-15,0.008673466503209326,0.004247856837482411,0.004425609665726915
2019-10-16,-0.0013200641787926015,0.004198485000021623,-0.005518549178814225
2019-10-17,0.005281848677406442,0.004247856837482411,0.001033991839924031
2019-10-18,-0.0004701013608550131,0.004272540025782812,-0.004742641386637825
2019-10-21,0.0029196641835396164,0.004297221394214068,-0.0013775572106744516
2019-10-22,-0.0053413067739336295,0.004297221394214068,-0.009638528168147698
2019-10-23,0.002016118791878796,0.004272540025782812,-0.0022564212339040157
2019-10-24,0.005204807636066899,0.004272540025782812,0.0009322676102840877
2019-10-25,0.0024186399161501004,0.004223171828999783,-0.0018045319128496828
2019-10-28,0.0029010541123764,0.004247856837482411,-0.001346802725106011
2019-10-29,0.0005271893873963762,0.0040503257781965285,-0.0035231363908001523
2019-10-30,0.002556135600607856,0.003951516514019593,-0.0013953809134117368
2019-10-31,-0.004367186830605663,0.003877390415547577,-0.00824457724615324
2019-11-01,0.009320308952084133,0.0038526780666972016,0.0054676308853869315
2019-11-04,-0.002680876187783121,0.0038526780666972016,-0.006533554254480323
2019-11-05,-0.0019352510520009858,0.00380324789306985,-0.005738498945070836
2019-11-06,0.0027408324809312656,0.003778530067663821,-0.0010376975867325555
2019-11-07,-0.0012369802415759246,0.0038279638926428383,-0.005064944134218763
2019-11-08,0.0022069113853180333,0.00380324789306985,-0.0015963365077518166
2019-11-12,0.003717833949827609,0.00380324789306985,-8.541394324224072e-05
2019-11-13,0.0013253895776765834,0.00380324789306985,-0.0024778583153932665
2019-11-14,0.00411307497460589,0.003877390415547577,0.00023568455905831343
2019-11-15,0.005733479741002467,0.003877390415547577,0.0018560893254548905
2019-11-18,0.0003440283486091378,0.003877390415547577,-0.003533362066938439
2019-11-19,0.0026886346990231402,0.0038526780666972016,-0.0011640433676740614
2019-11-20,-0.002365396154278332,0.0038279638926428383,-0.00619336004692117
2019-11-21,-0.0028587491024231193,0.0038279638926428383,-0.006686712995065958
2019-11-22,0.00182624686488575,0.0038526780666972016,-0.0020264312018114516
2019-11-25,0.008294619124465719,0.0039021009395086015,0.004392518184957117
2019-11-26,0.005033839879916346,0.00397622156519839,0.0010576183147179563
2019-11-27,0.0038581865088023193,0.004025626196972665,-0.0001674396881703455
2019-11-29,-0.004664569715229883,0.003951516514019593,-0.008616086229249476
2019-12-02,-0.008970012394607374,0.0039268096388944684,-0.012896822033501842
2019-12-03,-0.005471060877233036,0.0038279638926428383,-0.009299024769875874
2019-12-04,0.007655937683654468,0.0039268096388944684,0.0037291280447599995
2019-12-05,0.0024527822486657413,0.0037043656332984565,-0.0012515833846327151
2019-12-06,0.006955822436426118,0.0037043656332984565,0.0032514568031276614
2019-12-09,-0.003729376678880847,0.003753810416109671,-0.007483187094990518
2019-12-10,-1.464980618270939e-05,0.0037290889380929837,-0.003743738744275693
2019-12-11,0.003257875273062316,0.003753810416109671,-0.0004959351430473546
2019-12-12,0.0050600559874782736,0.0038279638926428383,0.0012320920948354352
2019-12-13,0.0010554689370592119,0.003778530067663821,-0.0027230611306046093
2019-12-16,0.00693854251064141,0.0038279638926428383,0.0031105786179985717
2019-12-17,-0.0011542607760729462,0.00380324789306985,-0.004957508669142796
2019-12-18,-0.0015528125943405913,0.00380324789306985,-0.005356060487410441
2019-12-19,0.003906189044738051,0.003753810416109671,0.00015237862862838014
2019-12-20,0.007161817770126033,0.0038279638926428383,0.003333853877483195
2019-12-23,-0.0011098531493977104,0.0038279638926428383,-0.004937817042040549
2019-12-24,0.000994390275849577,0.003778530067663821,-0.002784139791814244
2019-12-26,0.0027226941224383072,0.003877390415547577,-0.0011546962931092697
2019-12-27,-0.00015848107564786496,0.00380324789306985,-0.003961728968717715
2019-12-30,-0.0046988484827734656,0.00367964050141123,-0.008378488984184695
2019-12-31,0.0024916658234466205,0.003605454140042319,-0.0011137883165956985
2020-01-02,0.005325989100430917,0.0037290889380929837,0.001596900162337933
2020-01-03,-0.0033731780774548525,0.0037043656332984565,-0.007077543710753309
2020-01-06,0.0020687108371642005,0.003753810416109671,-0.0016850995789454704
2020-01-07,-0.000720940157319605,0.0037043656332984565,-0.0044253057906180615
2020-01-08,0.00388861226045889,0.0036549135421162227,0.00023369871834266753
2020-01-09,0.0055241808021038175,0.0037290889380929837,0.0017950918640108338
2020-01-10,-0.0013401075947144792,0.0037043656332984565,-0.005044473228012936
2020-01-13,0.006019226372876441,0.003753810416109671,0.0022654159567667698
2020-01-14,-8.1852923621617e-05,0.0037290889380929837,-0.0038109418617146007
2020-01-15,0.003867348654254421,0.0037290889380929837,0.0001382597161614374
2020-01-16,0.007619553082768515,0.003753810416109671,0.0038657426666588446
2020-01-17,0.0035094489930225237,0.003753810416109671,-0.00024436142308714714
2020-01-21,-0.0024886357130776693,0.0037043656332984565,-0.006193001346376126
2020-01-22,0.0005685163525930292,0.0037043656332984565,-0.0031358492807054272
2020-01-23,0.004088999924589221,0.003778530067663821,0.0003104698569253994
2020-01-24,-0.009712809369578301,0.003753810416109671,-0.013466619785687972
2020-01-27,-0.015031522187763158,0.0037290889380929837,-0.01876061112585614
2020-01-28,0.01031100702864296,0.0037290889380929837,0.006581918090549976
2020-01-29,-0.0041266531559955855,0.0037043656332984565,-0.007831018789294042
2020-01-30,0.0020592933051217788,0.003877390415547577,-0.0018180971104257981
2020-01-31,-0.019959807451252143,0.00380324789306985,-0.023763055344321993
2020-02-03,0.00841229589471526,0.00380324789306985,0.0046090480016454105
2020-02-04,0.012490134309639522,0.003778530067663821,0.008711604241975701
2020-02-05,0.010060704508102258,0.003778530067663821,0.006282174440438437
2020-02-06,0.0020656170348083425,0.003877390415547577,-0.0018117733807392344
2020-02-07,-0.006770378598124127,0.0038279638926428383,-0.010598342490766965
2020-02-10,0.006428807644677681,0.0038526780666972016,0.0025761295779804794
2020-02-11,0.0059058045462516695,0.0038279638926428383,0.002077840653608831
2020-02-12,0.007203197753899548,0.0038279638926428383,0.00337523386125671
2020-02-13,0.0015887144099793193,0.003877390415547577,-0.0022886760055682576
2020-02-14,0.003069397260333062,0.0039021009395086015,-0.0008327036791755393
2020-02-18,-0.0027221910215804446,0.0039268096388944684,-0.006649000660474913
2020-02-19,0.004337201123615353,0.0039268096388944684,0.0004103914847208845
2020-02-20,-0.0005416421941989435,0.0039268096388944684,-0.004468451833093412
2020-02-21,-0.009251380594838099,0.0039021009395086015,-0.0131534815343467
2020-02-24,-0.029909583657467098,0.0039021009395086015,-0.0338116845969757
2020-02-25,-0.031121573611801234,0.003877390415547577,-0.03499896402734881
2020-02-26,-0.005496814896924773,0.003877390415547577,-0.00937420531247235
2020-02-27,-0.03826909286308289,0.0038279638926428383,-0.042097056755725726
2020-02-28,-0.010096671678190505,0.0035559874245536527,-0.013652659102744158
2020-03-02,0.039425678541533005,0.0034817736331480553,0.03594390490838495
2020-03-03,-0.021372681805302385,0.002738728493097309,-0.024111410298399694
2020-03-04,0.0428109431980892,0.0024906793143211203,0.04032026388376808
2020-03-05,-0.034225321754141835,0.002267277517335353,-0.03649259927147719
2020-03-06,-0.017471708094902838,0.0019443220637036518,-0.01941603015860649
2020-03-09,-0.07124910124749406,0.001397069567179221,-0.07264617081467328
2020-03-10,0.045841013412710296,0.001397069567179221,0.044443943845531075
2020-03-11,-0.054647046788330544,0.001023427821025491,-0.055670474609356035
2020-03-12,-0.0962930500442768,0.000998503490403868,-0.09729155353468066
2020-03-13,0.07388020790741101,0.0008239810233570122,0.073056226884054
2020-03-16,-0.12561296873682215,0.000624414915526339,-0.1262373836523485
2020-03-17,0.053668214127317926,0.00027488663523400625,0.05339332749208392
2020-03-18,-0.062283414403374926,9.998500349905903e-05,-0.062383399406873985
2020-03-19,0.01603888449071489,9.998500349905903e-05,0.01593889948721583
2020-03-20,-0.05145879419944299,9.998500349905903e-05,-0.05155877920294205
2020-03-23,-0.032954906254066385,2.4999062554709184e-05,-0.032979905316621094
2020-03-24,0.10532046788728833,2.4999062554709184e-05,0.10529546882473362
2020-03-25,0.027055016617091088,-0.00010001500350098613,0.027155031620592074
2020-03-26,0.059595569068634946,2.4999062554709184e-05,0.05957057000608024
2020-03-27,-0.03401344919511484,2.4999062554709184e-05,-0.03403844825766955
2020-03-30,0.026805609165453825,9.998500349905903e-05,0.026705624161954766
2020-03-31,-0.017387686347398068,9.998500349905903e-05,-0.017487671350897127
2020-04-01,-0.04873716244749282,7.49915639761678e-05,-0.04881215401146899
2020-04-02,0.015219638800052726,0.00022492410234242755,0.014994714697710299
2020-04-03,-0.01589797940241977,0.00022492410234242755,-0.016122903504762198
2020-04-06,0.0815923835295933,0.00022492410234242755,0.08136745942725088
2020-04-07,0.0018130135577891782,0.00022492410234242755,0.0015880894554467506
2020-04-08,0.040563015414163406,0.00034981639991826796,0.04021319901424514
2020-04-09,0.017777683713101844,0.0004996254368994091,0.017278058276202435
2020-04-13,-0.01933583065643707,0.00039976022375398657,-0.019735590880191056
2020-04-14,0.031147289109922927,0.00042472933086612485,0.0307225597790568
2020-04-15,-0.02457532905816806,0.0003248416825412104,-0.02490017074070927
2020-04-16,0.005085874235350785,0.00034981639991826796,0.004736057835432517
2020-04-17,0.0338282514020698,0.00029986509442214704,0.03352838630764765
2020-04-20,-0.018930605684162827,0.00024990630464993835,-0.019180511988812765
2020-04-21,-0.03021660077731181,0.00019994002798462418,-0.030416540805296433
2020-04-22,0.023464605228648905,0.00022492410234242755,0.023239681126306477
2020-04-23,-0.002256712853890508,0.00022492410234242755,-0.0024816369562329355
2020-04-24,0.013869149134838832,0.00024990630464993835,0.013619242830188893
2020-04-27,0.022608818665410757,0.00022492410234242755,0.02238389456306833
2020-04-28,0.0018955895453303118,0.00019994002798462418,0.0016956495173456876
2020-04-29,0.026787368462705796,0.00024990630464993835,0.026537462158055858
2020-04-30,-0.016824242204212303,0.00024990630464993835,-0.01707414850886224
2020-05-01,-0.025744692561102345,0.00024990630464993835,-0.025994598865752283
2020-05-04,0.0036903342487746293,0.00024990630464993835,0.003440427944124691
2020-05-05,0.012748865672876253,0.00022492410234242755,0.012523941570533825
2020-05-06,-0.006961654967415076,0.00019994002798462418,-0.0071615949953997005
2020-05-07,0.01277108988169351,0.00024990630464993835,0.012521183577043571
2020-05-08,0.017709161968834763,0.00024990630464993835,0.017459255664184825
2020-05-11,-0.00030936452346863597,0.00022492410234242755,-0.0005342886258110635
2020-05-12,-0.024442731720997424,0.00024990630464993835,-0.024692638025647362
2020-05-13,-0.019306821173037725,0.00024990630464993835,-0.019556727477687663
2020-05-14,0.01085086493050369,0.00022492410234242755,0.010625940828161262
2020-05-15,0.006517554292368333,0.00022492410234242755,0.006292630190025905
2020-05-18,0.040539356109357216,0.00024990630464993835,0.04028944980470728
2020-05-19,-0.008421692266104897,0.00022492410234242755,-0.008646616368447324
2020-05-20,0.014314424334983089,0.00019994002798462418,0.014114484306998465
2020-05-21,-0.00512137171439464,0.00022492410234242755,-0.005346295816737068
2020-05-22,0.00502363668166117,0.00022492410234242755,0.004798712579318742
2020-05-26,0.016718675866779442,0.00024990630464993835,0.016468769562129504
2020-05-27,0.01791675831105133,0.00024990630464993835,0.01766685200640139
2020-05-28,-0.001704632992164612,0.00034981639991826796,-0.00205444939208288
2020-05-29,0.006088003280545484,0.0003248416825412104,0.005763161598004274
2020-06-01,0.005176783558058062,0.00029986509442214704,0.004876918463635915
2020-06-02,0.00798551838958872,0.00029986509442214704,0.007685653295166572
2020-06-03,0.01728191318011274,0.00029986509442214704,0.016982048085690593
2020-06-04,-0.005195917023605112,0.0003248416825412104,-0.005520758706146323
2020-06-05,0.024888026441075795,0.0003248416825412104,0.024563184758534584
2020-06-08,0.009761651151063422,0.00037478924688016946,0.009386861904183252
2020-06-09,-0.015069912834189236,0.00034981639991826796,-0.015419729234107504
2020-06-10,-0.008167850578186586,0.0003248416825412104,-0.008492692260727797
2020-06-11,-0.06049051962091523,0.00034981639991826796,-0.060840336020833496
2020-06-12,0.014068465639860861,0.00034981639991826796,0.013718649239942593
2020-06-15,0.011693274442548418,0.00037478924688016946,0.011318485195668249
2020-06-16,0.019774402866591156,0.00034981639991826796,0.01942458646667289
2020-06-17,-0.0023758783466952815,0.0003248416825412104,-0.002700720029236492
2020-06-18,-0.0029217113324193633,0.0003248416825412104,-0.0032465530149605737
2020-06-19,-0.0048851266738213495,0.0003248416825412104,-0.00520996835636256
2020-06-22,0.0037635419285584337,0.00034981639991826796,0.0034137255286401658
2020-06-23,0.0011315460423388934,0.00029986509442214704,0.0008316809479167464
2020-06-24,-0.028098693278879705,0.00027488663523400625,-0.02837357991411371
2020-06-25,0.009978328336003983,0.0003248416825412104,0.009653486653462773
2020-06-26,-0.019580549564622185,0.00029986509442214704,-0.019880414659044332
2020-06-29,0.015175653028577818,0.00027488663523400625,0.014900766393343812
2020-06-30,0.015626935789058383,0.0003248416825412104,0.015302094106517172
2020-07-01,0.003959754402061311,0.00029986509442214704,0.0036598893076391636
2020-07-02,0.005457864626098541,0.0003248416825412104,0.0051330229435573305
2020-07-06,0.014206090144577077,0.00029986509442214704,0.01390622505015493
2020-07-07,-0.011528135558458108,0.00029986509442214704,-0.011828000652880255
2020-07-08,0.0057724618804417815,0.00027488663523400625,0.005497575245207775
2020-07-09,-0.006608176034125224,0.00027488663523400625,-0.00688306266935923
2020-07-10,0.008370475978559,0.00024990630464993835,0.008120569673909062
2020-07-13,-0.009772839889224394,0.00027488663523400625,-0.0100477265244584
2020-07-14,0.01759749973906799,0.00027488663523400625,0.017322613103833984
2020-07-15,0.016831354849495384,0.00029986509442214704,0.016531489755073236
2020-07-16,-0.0030113482271112435,0.00029986509442214704,-0.0033112133215333905
2020-07-17,0.006815234312732565,0.00027488663523400625,0.006540347677498559
2020-07-20,0.004642514777277507,0.00027488663523400625,0.0043676281420435
2020-07-21,0.0020873855459841995,0.00022492410234242755,0.001862461443641772
2020-07-22,0.012634971046924903,0.00022492410234242755,0.012410046944582476
2020-07-23,-0.008026227691650845,0.00022492410234242755,-0.008251151793993272
2020-07-24,-0.005468234029954111,0.00024990630464993835,-0.005718140334604049
2020-07-27,0.010319906999046946,0.00024990630464993835,0.010070000694397008
2020-07-28,-0.010762604588046454,0.00022492410234242755,-0.010987528690388881
2020-07-29,0.016737809143186455,0.00022492410234242755,0.016512885040844028
2020-07-30,-0.003180887076454142,0.00024990630464993835,-0.0034307933811040803
2020-07-31,-0.0011271686545147874,0.00022492410234242755,-0.001352092756857215
2020-08-03,0.0030192674560391985,0.00022492410234242755,0.002794343353696771
2020-08-04,0.0027692623362338686,0.00022492410234242755,0.002544338233891441
2020-08-05,0.007126249283082586,0.00019994002798462418,0.006926309255097962
2020-08-06,0.0011477410107862962,0.00017495408124879042,0.0009727869295375058
2020-08-07,0.0037577621498234848,0.00019994002798462418,0.0035578221218388606
2020-08-10,0.0014459405160438532,0.00022492410234242755,0.0012210164137014257
2020-08-11,-0.004427576672918487,0.00019994002798462418,-0.0046275167009031115
2020-08-12,0.012886006348418633,0.00019994002798462418,0.012686066320434009
2020-08-13,0.0010220552147723883,0.00019994002798462418,0.0008221151867877641
2020-08-14,-0.0009667838247239269,0.00022492410234242755,-0.0011917079270663544
2020-08-17,0.005304026366773629,0.00022492410234242755,0.005079102264431201
2020-08-18,0.0011305047829479609,0.00019994002798462418,0.0009305647549633367
2020-08-19,-0.004954283035130236,0.00017495408124879042,-0.005129237116379026
2020-08-20,-0.0006849641106679849,0.00019994002798462418,-0.0008849041386526091
2020-08-21,0.0012784592323291655,0.00017495408124879042,0.001103505151080375
2020-08-24,0.007712110077378043,0.00022492410234242755,0.007487185975035615
2020-08-25,0.002541456567264344,0.00019994002798462418,0.00234151653927972
2020-08-26,0.005831648156974456,0.00017495408124879042,0.005656694075725666
2020-08-27,0.0013359444115264019,0.00022492410234242755,0.0011110203091839743
2020-08-28,0.0060640636716533525,0.00022492410234242755,0.005839139569310925
2020-08-31,-0.002979268295233095,0.00019994002798462418,-0.0031792083232177193
2020-09-01,0.006612496430728143,0.00022492410234242755,0.0063875723283857155
2020-09-02,0.01791820668486288,0.00024990630464993835,0.017668300380212942
2020-09-03,-0.03318982183005159,0.00024990630464993835,-0.03343972813470153
2020-09-04,-0.010615989155249417,0.00022492410234242755,-0.010840913257591844
2020-09-08,-0.020813403547469078,0.00024990630464993835,-0.021063309852119017
2020-09-09,0.017918178047005684,0.00024990630464993835,0.017668271742355746
2020-09-10,-0.01442157811875544,0.00024990630464993835,-0.014671484423405379
2020-09-11,0.0030125062190997642,0.00024990630464993835,0.002762599914449826
2020-09-14,0.01501156171938689,0.00024990630464993835,0.014761655414736952
2020-09-15,0.004192268851409553,0.00022492410234242755,0.003967344749067125
2020-09-16,0.001811889863790217,0.00019994002798462418,0.0016119498358055928
2020-09-17,-0.008196181618839504,0.00022492410234242755,-0.008421105721181932
2020-09-18,-0.0110014709964118,0.00022492410234242755,-0.011226395098754227
2020-09-21,-0.01720756622553099,0.00022492410234242755,-0.017432490327873418
2020-09-22,0.009551744088852843,0.00019994002798462418,0.009351804060868218
2020-09-23,-0.022492110445685887,0.00019994002798462418,-0.02269205047367051
2020-09-24,0.00208851346742156,0.00019994002798462418,0.0018885734394369358
2020-09-25,0.015328336922681096,0.00019994002798462418,0.015128396894696472
2020-09-28,0.018138549810254645,0.00022492410234242755,0.017913625707912217
2020-09-29,-0.00399348842462921,0.00017495408124879042,-0.004168442505878001
2020-09-30,0.007111793863332494,0.00019994002798462418,0.00691185383534787
2020-10-01,0.007602536576688745,0.00022492410234242755,0.007377612474346318
2020-10-02,-0.003906227123309125,0.00024990630464993835,-0.004156133427959063
2020-10-05,0.01728791270602903,0.00022492410234242755,0.017062988603686602
2020-10-06,-0.010346093618169183,0.00019994002798462418,-0.010546033646153807
2020-10-07,0.017450451729500882,0.00019994002798462418,0.017250511701516258
2020-10-08,0.01113233915713474,0.00022492410234242755,0.010907415054792313
2020-10-09,0.007420087452432389,0.00024990630464993835,0.007170181147782451
2020-10-13,0.006400467640063745,0.00022492410234242755,0.0061755435377213175
2020-10-14,-0.005016774045488059,0.00024990630464993835,-0.005266680350137998
2020-10-15,0.0020853714464805773,0.00024990630464993835,0.001835465141830639
2020-10-16,0.00013338618647562583,0.00022492410234242755,-9.153791586680171e-05
2020-10-19,-0.014720522320081142,0.00022492410234242755,-0.01494544642242357
2020-10-20,0.0061645987713123684,0.00019994002798462418,0.005964658743327744
2020-10-21,-0.004367745608227502,0.00019994002798462418,-0.0045676856362121265
2020-10-22,0.005341709228050773,0.00022492410234242755,0.005116785125708345
2020-10-23,0.007213916457659897,0.00019994002798462418,0.007013976429675273
2020-10-26,-0.021546948625774887,0.00019994002798462418,-0.02174688865375951
2020-10-27,-0.007114002323990065,0.00019994002798462418,-0.007313942351974689
2020-10-28,-0.03076398011952519,0.00017495408124879042,-0.030938934200773982
2020-10-29,0.0077325509550509874,0.00019994002798462418,0.007532610927066363
2020-10-30,-0.006134903303869899,0.00019994002798462418,-0.006334843331854523
2020-11-02,0.017394258285758024,0.00022492410234242755,0.017169334183415597
2020-11-03,0.02041689619396414,0.00022492410234242755,0.020191972091621713
2020-11-04,0.018810282831477787,0.00019994002798462418,0.018610342803493163
2020-11-05,0.017856300689286453,0.00022492410234242755,0.017631376586944025
2020-11-06,0.000648944268474061,0.00024990630464993835,0.0003990379638241226
2020-11-09,0.009957313205363416,0.00024990630464993835,0.009707406900713478
2020-11-10,-8.35932823008978e-05,0.00022492410234242755,-0.00030851738464332534
2020-11-12,-0.004551044875458432,0.00024990630464993835,-0.00480095118010837
2020-11-13,0.016125137336920448,0.00024990630464993835,0.01587523103227051
2020-11-16,0.011214956777408469,0.00022492410234242755,0.010990032675066042
2020-11-17,-0.004472273934466808,0.00019994002798462418,-0.0046722139624514325
2020-11-18,-0.009204499804290833,0.00017495408124879042,-0.009379453885539624
2020-11-19,0.0038054586958027325,0.00019994002798462418,0.0036055186678181084
2020-11-20,-0.005669681550876882,0.00022492410234242755,-0.005894605653219309
2020-11-23,0.006548411842507207,0.00019994002798462418,0.006348471814522583
2020-11-24,0.010948010084483872,0.00019994002798462418,0.010748070056499248
2020-11-25,-0.003281520489332612,0.00017495408124879042,-0.0034564745705814026
2020-11-27,0.004907521153639571,0.00022492410234242755,0.004682597051297144
2020-11-30,-0.005736369024184618,0.00019994002798462418,-0.005936309052169242
2020-12-01,0.009562846797430247,0.00017495408124879042,0.009387892716181456
2020-12-02,-0.003188434280960939,0.00017495408124879042,-0.0033633883622097294
2020-12-03,0.003598958472318836,0.00019994002798462418,0.003399018444334212
2020-12-04,0.010265620001794096,0.00017495408124879042,0.010090665920545305
2020-12-07,-0.0012053636495235054,0.00022492410234242755,-0.001430287751865933
2020-12-08,0.001150438517662833,0.00019994002798462418,0.0009504984896782087
2020-12-09,-0.006759924748809043,0.00017495408124879042,-0.0069348788300578335
2020-12-10,-0.0014804486264411443,0.00017495408124879042,-0.0016554027076899347
2020-12-11,-0.0019383741328112825,0.00019994002798462418,-0.0021383141607959066
2020-12-14,-0.0022263276563612155,0.00017495408124879042,-0.002401281737610006
2020-12-15,0.01221235711926183,0.00017495408124879042,0.01203740303801304
2020-12-16,0.00011161707158025003,0.00019994002798462418,-8.832295640437415e-05
2020-12-17,0.0102971544419721,0.00019994002798462418,0.010097214413987476
2020-12-18,0.0008554579773645266,0.00019994002798462418,0.0006555179493799024
2020-12-21,-0.005512142988718716,0.00019994002798462418,-0.00571208301670334
2020-12-22,-0.00117431806868451,0.0001499662618076325,-0.0013242843304921426
2020-12-23,0.0006252942706761466,0.00017495408124879042,0.0004503401894273562
2020-12-24,0.004317081164077807,0.00022492410234242755,0.00409215706173538
2020-12-28,0.0018848588783502152,0.00022492410234242755,0.0016599347760077876
2020-12-29,-0.0039443066765013635,0.00019994002798462418,-0.004144246704485988
2020-12-30,0.003857721546975057,0.0001499662618076325,0.0037077552851674245
2020-12-31,0.007588259556418064,0.00019994002798462418,0.00738831952843344
2021-01-04,-0.0163641439982396,0.00022492410234242755,-0.016589068100582027
2021-01-05,0.006656529682052437,0.00019994002798462418,0.0064565896540678125
2021-01-06,0.013668966861103637,0.00022492410234242755,0.01344404275876121
2021-01-07,0.014464948446812231,0.00022492410234242755,0.014240024344469804
2021-01-08,0.00470070728627614,0.00019994002798462418,0.004500767258291516
2021-01-11,-0.0035119900101016066,0.00022492410234242755,-0.003736914112444034
2021-01-12,0.0011311503917157406,0.00022492410234242755,0.0009062262893733131
2021-01-13,-0.0027019439268365364,0.00022492410234242755,-0.002926868029178964
2021-01-14,-0.0024142977176331293,0.00022492410234242755,-0.002639221819975557
2021-01-15,-0.00499462161708264,0.00019994002798462418,-0.005194561645067264
2021-01-19,0.009548845488116298,0.00017495408124879042,0.009373891406867507
2021-01-20,0.012763265665264312,0.00019994002798462418,0.012563325637279688
2021-01-21,-0.0014414755554001957,0.00017495408124879042,-0.001616429636648986
2021-01-22,-0.0035319023526084736,0.00017495408124879042,-0.003706856433857264
2021-01-25,-0.0011984784162252238,0.00017495408124879042,-0.0013734324974740142
2021-01-26,-0.00622142434616757,0.00012497656933363466,-0.006346400915501205
2021-01-27,-0.02790569296850609,0.00012497656933363466,-0.028030669537839725
2021-01-28,0.014857880600394946,0.00012497656933363466,0.014732904031061311
2021-01-29,-0.017272134260415073,0.00017495408124879042,-0.017447088341663863
2021-02-01,0.018119535724007152,0.0001499662618076325,0.01796956946219952
2021-02-02,0.015781652747887565,9.998500349905903e-05,0.015681667744388506
2021-02-03,-0.0018781416470261547,7.49915639761678e-05,-0.0019531332110023225
2021-02-04,0.011853797841701041,7.49915639761678e-05,0.011778806277724874
2021-02-05,0.006542332391605177,4.9996250437445156e-05,0.006492336141167732
2021-02-08,0.008643174981473933,9.998500349905903e-05,0.008543189977974874
2021-02-09,0.00047580480454034735,9.998500349905903e-05,0.0003758198010412883
2021-02-10,0.0009436104948608026,0.00012497656933363466,0.000818633925527168
2021-02-11,0.0029936035665887317,0.00012497656933363466,0.002868626997255097
2021-02-12,0.005540465477472889,7.49915639761678e-05,0.005465473913496721
2021-02-16,-0.0019514213228470911,7.49915639761678e-05,-0.002026412886823259
2021-02-17,-0.0003946517415648332,7.49915639761678e-05,-0.000469643305541001
2021-02-18,-0.0038569251563876916,7.49915639761678e-05,-0.003931916720363859
2021-02-19,0.00385862315759522,7.49915639761678e-05,0.0037836315936190523
2021-02-22,-0.009473624356108323,7.49915639761678e-05,-0.009548615920084491
2021-02-23,0.0013015303816261703,7.49915639761678e-05,0.0012265388176500025
2021-02-24,0.012587104938208249,7.49915639761678e-05,0.012512113374232081
2021-02-25,-0.02684907965871286,9.998500349905903e-05,-0.02694906466221192
2021-02-26,-0.0009428882705673214,9.998500349905903e-05,-0.0010428732740663804
2021-03-01,0.02182594836390006,7.49915639761678e-05,0.021750956799923893
2021-03-02,-0.006089779473898549,9.998500349905903e-05,-0.006189764477397608
2021-03-03,-0.01736162438938149,9.998500349905903e-05,-0.01746160939288055
2021-03-04,-0.017592388118710223,7.49915639761678e-05,-0.01766737968268639
2021-03-05,0.023058374943427662,9.998500349905903e-05,0.022958389939928603
2021-03-08,-0.0030495354821767906,9.998500349905903e-05,-0.0031495204856758496
2021-03-09,0.011278385142006853,9.998500349905903e-05,0.011178400138507794
2021-03-10,0.007004493924679389,7.49915639761678e-05,0.006929502360703221
2021-03-11,0.009879026834653803,9.998500349905903e-05,0.009779041831154744
2021-03-12,0.0014078769959802173,7.49915639761678e-05,0.0013328854320040495
2021-03-15,0.011642614267252771,4.9996250437445156e-05,0.011592618016815326
2021-03-16,-0.006314012082558329,2.4999062554709184e-05,-0.006339011145113038
2021-03-17,0.0032372045400757,2.4999062554709184e-05,0.0032122054775209907
2021-03-18,-0.015337537302979376,2.4999062554709184e-05,-0.015362536365534085
2021-03-19,0.0006168741667555988,2.4999062554709184e-05,0.0005918751042008896
2021-03-22,0.004502404053965403,4.9996250437445156e-05,0.004452407803527958
2021-03-23,-0.010077496956932608,4.9996250437445156e-05,-0.010127493207370053
2021-03-24,-0.0024155640785397114,4.9996250437445156e-05,-0.0024655603289771566
2021-03-25,0.008327577671564779,4.9996250437445156e-05,0.008277581421127334
2021-03-26,0.020183289421469297,4.9996250437445156e-05,0.020133293171031852
2021-03-29,-0.003985454774344865,4.9996250437445156e-05,-0.0040354510247823105
2021-03-30,-0.000814161431550553,2.4999062554709184e-05,-0.0008391604941052622
2021-03-31,0.0031482346181876952,2.4999062554709184e-05,0.003123235555632986
2021-04-01,0.01249259575582995,4.9996250437445156e-05,0.012442599505392504
2021-04-05,0.012508219158866352,7.49915639761678e-05,0.012433227594890184
2021-04-06,0.0013639648946068839,4.9996250437445156e-05,0.0013139686441694387
2021-04-07,-0.004063770108823639,2.4999062554709184e-05,-0.004088769171378348
2021-04-08,0.004956236294563432,4.9996250437445156e-05,0.004906240044125987
2021-04-09,0.009082308189671373,4.9996250437445156e-05,0.009032311939233928
2021-04-12,0.00041908927321276934,4.9996250437445156e-05,0.0003690930227753242
2021-04-13,0.0010319139980585756,7.49915639761678e-05,0.0009569224340824078
2021-04-14,-0.0013460972086024592,4.9996250437445156e-05,-0.0013960934590399043
2021-04-15,0.011149851259064425,4.9996250437445156e-05,0.01109985500862698
2021-04-16,0.005757041969522314,4.9996250437445156e-05,0.005707045719084869
2021-04-19,-0.00475357669880605,2.4999062554709184e-05,-0.004778575761360759
2021-04-20,-0.006761768626186271,2.4999062554709184e-05,-0.00678676768874098
2021-04-21,0.008431901870774805,0.0,0.008431901870774805
2021-04-22,-0.004723543605946179,4.9996250437445156e-05,-0.004773539856383624
2021-04-23,0.01174495765733563,2.4999062554709184e-05,0.011719958594780922
2021-04-26,0.0023678296344433747,4.9996250437445156e-05,0.0023178333840059295
2021-04-27,0.0008913600305702207,2.4999062554709184e-05,0.0008663609680155115
2021-04-28,-0.00031841849047498094,2.4999062554709184e-05,-0.0003434175530296901
2021-04-29,0.005468416961288192,2.4999062554709184e-05,0.0054434178987334825
2021-04-30,-0.007061076191977933,2.4999062554709184e-05,-0.007086075254532642
2021-05-03,0.002667572414913,4.9996250437445156e-05,0.0026175761644755546
2021-05-04,-0.00517664211828317,2.4999062554709184e-05,-0.005201641180837879
2021-05-05,-5.91467836352777e-06,2.4999062554709184e-05,-3.0913740918236954e-05
2021-05-06,0.0028636724544104375,2.4999062554709184e-05,0.0028386733918557283
2021-05-07,0.010050620131753396,2.4999062554709184e-05,0.010025621069198687
2021-05-10,-0.008828625458206063,4.9996250437445156e-05,-0.008878621708643508
2021-05-11,-0.011126885094770556,2.4999062554709184e-05,-0.011151884157325265
2021-05-12,-0.02514410140318546,2.4999062554709184e-05,-0.02516910046574017
2021-05-13,0.01453065526312125,0.0,0.01453065526312125
2021-05-14,0.013143549151559908,2.4999062554709184e-05,0.013118550089005199
2021-05-17,-0.005143567302441698,0.0,-0.005143567302441698
2021-05-18,-0.008628920765698433,0.0,-0.008628920765698433
2021-05-19,-0.002757481133163764,0.0,-0.002757481133163764
2021-05-20,0.011228527882053863,2.4999062554709184e-05,0.011203528819499153
2021-05-21,-0.000901683605034953,0.0,-0.000901683605034953
2021-05-24,0.008096927279152455,2.4999062554709184e-05,0.008071928216597746
2021-05-25,0.00011420376051596293,2.4999062554709184e-05,8.920469796125374e-05
2021-05-26,0.0024176409612906014,0.0,0.0024176409612906014
2021-05-27,0.0036955415516362056,0.0,0.0036955415516362056
2021-05-28,0.0020422472101850886,2.4999062554709184e-05,0.0020172481476303794
2021-06-01,-0.0010474733844815232,2.4999062554709184e-05,-0.0010724724470362323
2021-06-02,-0.0009559352567635182,2.4999062554709184e-05,-0.0009809343193182274
2021-06-03,-0.00430612747479775,0.0,-0.00430612747479775
2021-06-04,0.008186251865395011,2.4999062554709184e-05,0.008161252802840302
2021-06-07,-0.001585333770416253,2.4999062554709184e-05,-0.001610332832970962
2021-06-08,0.0027720420323305017,2.4999062554709184e-05,0.0027470429697757925
2021-06-09,-0.0030910443957373746,2.4999062554709184e-05,-0.0031160434582920837
2021-06-10,0.002892171373440222,2.4999062554709184e-05,0.002867172310885513
2021-06-11,0.003509472474849451,2.4999062554709184e-05,0.003484473412294742
2021-06-14,0.0005313106432762726,2.4999062554709184e-05,0.0005063115807215635
2021-06-15,-0.0006581531005536156,4.9996250437445156e-05,-0.0007081493509910608
2021-06-16,-0.005979086043243265,9.998500349905903e-05,-0.006079071046742324
2021-06-17,-0.0005221540355013765,0.00012497656933363466,-0.0006471306048350112
2021-06-18,-0.011216115772392787,0.00012497656933363466,-0.011341092341726422
2021-06-21,0.01600978168474021,9.998500349905903e-05,0.01590979668124115
2021-06-22,0.003809121620517386,9.998500349905903e-05,0.003709136617018327
2021-06-23,-0.0014957992126812814,9.998500349905903e-05,-0.0015957842161803404
2021-06-24,0.006077660759555181,0.00012497656933363466,0.005952684190221547
2021-06-25,0.005762918382297588,0.00012497656933363466,0.005637941812963954
2021-06-28,0.0006499396221915088,9.998500349905903e-05,0.0005499546186924498
2021-06-29,0.0012267190922730098,9.998500349905903e-05,0.0011267340887739508
2021-06-30,-0.00010058367643650534,0.00012497656933363466,-0.00022556024577014
2021-07-01,0.0070949141396501325,0.00012497656933363466,0.006969937570316498
2021-07-02,0.006204290342812335,0.00012497656933363466,0.006079313773478701
2021-07-06,-0.0017466389569181784,0.00012497656933363466,-0.001871615526251813
2021-07-07,0.003631463232837584,0.00012497656933363466,0.0035064866635039493
2021-07-08,-0.009801611707675129,0.0001499662618076325,-0.009951577969482761
2021-07-09,0.012169247389449911,0.0001499662618076325,0.012019281127642278
2021-07-12,0.002237975629614697,0.00012497656933363466,0.002112999060281062
2021-07-13,-0.007043318134080989,0.00012497656933363466,-0.007168294703414624
2021-07-14,-0.0002752804705661305,0.0001499662618076325,-0.000425246732373763
2021-07-15,-0.002647810368820447,0.00012497656933363466,-0.0027727869381540815
2021-07-16,-0.004444627945172752,0.00012497656933363466,-0.004569604514506387
2021-07-19,-0.014703423720737296,0.00012497656933363466,-0.014828400290070931
2021-07-20,0.018049249030660297,0.00012497656933363466,0.017924272461326662
2021-07-21,0.008884604969622956,9.998500349905903e-05,0.008784619966123897
2021-07-22,0.0030471222907131335,9.998500349905903e-05,0.0029471372872140744
2021-07-23,0.012244403637377,0.00012497656933363466,0.012119427068043365
2021-07-26,-0.001044100063075426,0.00012497656933363466,-0.0011690766324090607
2021-07-27,-0.0013457935674108246,9.998500349905903e-05,-0.0014457785709098836
2021-07-28,0.0006397905831867501,9.998500349905903e-05,0.000539805579687691
2021-07-29,0.007541106095499961,0.00012497656933363466,0.007416129526166326
2021-07-30,-0.0005121627602496792,0.00012497656933363466,-0.0006371393295833139
2021-08-02,-0.0008657278901466059,0.00012497656933363466,-0.0009907044594802406
2021-08-03,0.008084731987256788,0.00012497656933363466,0.007959755417923153
2021-08-04,-0.003986656295919433,0.00012497656933363466,-0.004111632865253068
2021-08-05,0.006389380047504334,0.00012497656933363466,0.006264403478170699
2021-08-06,0.0003020963128270715,9.998500349905903e-05,0.00020211130932801247
2021-08-09,-0.001555955134834086,9.998500349905903e-05,-0.0016559401383331451
2021-08-10,0.0003405185966218749,0.00012497656933363466,0.00021554202728824023
2021-08-11,0.0035641385113869273,0.00012497656933363466,0.0034391619420532926
2021-08-12,0.0014002607671055323,0.00012497656933363466,0.0012752841977718976
2021-08-13,0.0009034250241071184,9.998500349905903e-05,0.0008034400206080594
2021-08-16,0.0021731464744276785,9.998500349905903e-05,0.0020731614709286195
2021-08-17,-0.007709896887098333,7.49915639761678e-05,-0.007784888451074501
2021-08-18,-0.009727944367818098,7.49915639761678e-05,-0.009802935931794265
2021-08-19,0.001441796494359826,9.998500349905903e-05,0.001341811490860767
2021-08-20,0.00776652654948129,9.998500349905903e-05,0.007666541545982231
2021-08-23,0.00682181324404163,9.998500349905903e-05,0.006721828240542571
2021-08-24,0.0038818739574222327,7.49915639761678e-05,0.003806882393446065
2021-08-25,0.0047854148242152394,9.998500349905903e-05,0.00468542982071618
2021-08-26,-0.005929706609948071,9.998500349905903e-05,-0.00602969161344713
2021-08-27,0.00871317256507309,9.998500349905903e-05,0.008613187561574032
2021-08-30,0.0019667379032977106,9.998500349905903e-05,0.0018667528997986516
2021-08-31,-0.0003480550821362005,7.49915639761678e-05,-0.0004230466461123683
2021-09-01,0.0014239368686728149,9.998500349905903e-05,0.0013239518651737558
2021-09-02,0.003975703851941903,0.00012497656933363466,0.0038507272826082684
2021-09-03,-0.0009639011920349327,9.998500349905903e-05,-0.0010638861955339918
2021-09-07,-0.006532144619208813,9.998500349905903e-05,-0.006632129622707872
2021-09-08,0.00011476039966229479,0.00012497656933363466,-1.021616967133987e-05
2021-09-09,-0.003071875456976736,0.00017495408124879042,-0.0032468295382255263
2021-09-10,-0.005446724338808884,0.0001499662618076325,-0.005596690600616516
2021-09-13,-0.0021966175014629385,0.0001499662618076325,-0.002346583763270571
2021-09-14,-0.004498669878522987,0.00012497656933363466,-0.004623646447856622
2021-09-15,0.007637222539082167,9.998500349905903e-05,0.007537237535583108
2021-09-16,-0.00017502349061704336,0.0001499662618076325,-0.00032498975242467587
2021-09-17,-0.007411648274047833,0.0001499662618076325,-0.007561614535855465
2021-09-20,-0.014166201945570833,0.0001499662618076325,-0.014316168207378466
2021-09-21,-0.0003666201726459928,0.00012497656933363466,-0.0004915967419796274
2021-09-22,0.010965022832919002,9.998500349905903e-05,0.010865037829419943
2021-09-23,0.011260001847118062,0.00012497656933363466,0.011135025277784427
2021-09-24,0.0004896128780331743,0.0001499662618076325,0.0003396466162255418
2021-09-27,-0.006003324200722582,0.0001499662618076325,-0.006153290462530214
2021-09-28,-0.020592134978819177,0.00017495408124879042,-0.020767089060067967
2021-09-29,0.0013790812793426088,0.00012497656933363466,0.0012541047100089742
2021-09-30,-0.01448362113532653,0.00017495408124879042,-0.01465857521657532
2021-10-01,0.00942375867743972,0.00019994002798462418,0.009223818649455096
2021-10-04,-0.011647372503305164,0.00024990630464993835,-0.011897278807955103
2021-10-05,0.00885760475278996,0.00027488663523400625,0.008582718117555954
2021-10-06,0.0030628096190561394,0.0001499662618076325,0.002912843357248507
2021-10-07,0.009609013196986371,7.49915639761678e-05,0.009534021633010203
2021-10-08,-0.004387518840869187,4.9996250437445156e-05,-0.004437515091306632
2021-10-12,-0.0056901404713664006,4.9996250437445156e-05,-0.005740136721803846
2021-10-13,0.003582532059904775,4.9996250437445156e-05,0.00353253580946733
2021-10-14,0.018875846473274116,0.00012497656933363466,0.01875086990394048
2021-10-15,0.004181966961191996,9.998500349905903e-05,0.004081981957692937
2021-10-18,0.0036728182967202816,9.998500349905903e-05,0.0035728332932212226
2021-10-19,0.0055993048086200314,0.00012497656933363466,0.005474328239286397
2021-10-20,0.003612412824443023,0.00012497656933363466,0.0034874362551093885
2021-10-21,0.004447064513717791,0.0001499662618076325,0.004297098251910159
2021-10-22,0.0016716407012959955,0.00012497656933363466,0.0015466641319623609
2021-10-25,0.003409213378257281,0.0001499662618076325,0.0032592471164496484
2021-10-26,-0.0007685694318875225,0.0001499662618076325,-0.000918535693695155
2021-10-27,-0.00607060019243022,0.0001499662618076325,-0.0062205664542378525
2021-10-28,0.010180947667936424,0.0001499662618076325,0.010030981406128792
2021-10-29,0.002329594952629188,0.0001499662618076325,0.0021796286908215556
2021-11-01,0.0018851745412593601,0.00012497656933363466,0.0017601979719257255
2021-11-02,0.0032858902920613886,0.00012497656933363466,0.003160913722727754
2021-11-03,0.003913132051977408,0.00012497656933363466,0.0037881554826437736
2021-11-04,0.002896092151978946,0.00012497656933363466,0.0027711155826453115
2021-11-05,0.0034647622666785782,0.00012497656933363466,0.0033397856973449436
2021-11-08,0.0028497493300470023,9.998500349905903e-05,0.0027497643265479432
2021-11-09,0.0007645937696598715,9.998500349905903e-05,0.0006646087661608124
2021-11-10,-0.009075958528151129,0.0001499662618076325,-0.009225924789958762
2021-11-12,0.00924511216200452,0.00012497656933363466,0.009120135592670886
2021-11-15,-0.0004464793671662415,0.0001499662618076325,-0.000596445628973874
2021-11-16,0.0033441030600069865,0.0001499662618076325,0.003194136798199354
2021-11-17,-0.004071436685691876,0.0001499662618076325,-0.0042214029474995085
2021-11-18,-0.0020787949059202226,0.00029986509442214704,-0.0023786600003423697
2021-11-19,-0.0017010298539990032,0.00027488663523400625,-0.0019759164892330094
2021-11-22,-0.005414092022723471,0.00017495408124879042,-0.005589046103972262
2021-11-23,0.0014645229240599633,0.0001499662618076325,0.0013145566622523308
2021-11-24,0.001478947411569731,0.00034981639991826796,0.001129131011651463
2021-11-26,-0.022408605267153936,0.00027488663523400625,-0.022683491902387942
2021-11-29,0.012466558678029038,0.00017495408124879042,0.012291604596780248
2021-11-30,-0.02341174856666206,0.00027488663523400625,-0.023686635201896067
2021-12-01,-0.010937624812782043,0.00024990630464993835,-0.011187531117431981
2021-12-02,0.021038762644220554,0.00012497656933363466,0.02091378607488692
2021-12-03,-0.009030874717698256,9.998500349905903e-05,-0.009130859721197315
2021-12-06,0.011856481490039927,0.00012497656933363466,0.011731504920706293
2021-12-07,0.021612507694550143,0.00012497656933363466,0.021487531125216508
2021-12-08,0.007823414109277893,9.998500349905903e-05,0.007723429105778834
2021-12-09,-0.009566851496464746,7.49915639761678e-05,-0.009641843060440913
2021-12-10,0.006475612078560289,7.49915639761678e-05,0.006400620514584121
2021-12-13,-0.008522167241558742,2.4999062554709184e-05,-0.008547166304113452
2021-12-14,-0.00863414844844168,2.4999062554709184e-05,-0.00865914751099639
2021-12-15,0.014770760094182878,7.49915639761678e-05,0.01469576853020671
2021-12-16,-0.008290385047247328,9.998500349905903e-05,-0.008390370050746387
2021-12-17,-0.008506943044330972,7.49915639761678e-05,-0.00858193460830714
2021-12-20,-0.01217833464525353,7.49915639761678e-05,-0.012253326209229698
2021-12-21,0.019571126548864948,7.49915639761678e-05,0.01949613498488878
2021-12-22,0.010467832918139797,7.49915639761678e-05,0.010392841354163629
2021-12-23,0.0057725574940297175,9.998500349905903e-05,0.0056725724905306585
2021-12-27,0.013707005411406792,9.998500349905903e-05,0.013607020407907733
2021-12-28,-0.0004933509485128829,7.49915639761678e-05,-0.0005683425124890507
2021-12-29,0.004348504416621379,2.4999062554709184e-05,0.00432350535406667
2021-12-30,-0.0026017973860671395,0.0001499662618076325,-0.002751763647874772
2021-12-31,-0.000245137581444288,0.0001499662618076325,-0.0003951038432519205
